Country,Total_Samples,Z_Anomalies,Z_Rate (%)
AT,1752,3,0.17123287671232876
CH,1752,10,0.5707762557077625
FR,1752,6,0.3424657534246575
