Country,Total_Samples,Z_Anomalies,Z_Rate (%)
AT,1752,32,1.82648401826484
CH,1752,12,0.684931506849315
FR,1752,22,1.2557077625570776
